Workbook

Sheet Pregled
A1: Test dokumentacija: Moj Ljubimac (Web)
A2: Dizajn test slučajeva na osnovu zahteva (PRD) i početne provere okruženja
A4: Autor | B4: Jovana
A5: Datum | B5: 29.10.2026.
A6: Verzija dokumenta | B6: 1.0
A7: Aplikacija | B7: Moj Ljubimac: web aplikacija za zdravstveni karton kućnih ljubimaca (Next.js 16.4.2, TypeScript, Supabase)
A8: Stanje aplikacije | B8: Prema build planu (§3) završen je samo Step 01 (kostur projekta, 19.10.2026). Ekrani i funkcije još nisu implementirani.
A9: Obim | B9: Zahtevi FR-01 do FR-05 iz PRD-a (Epic 01, Pet Health Record), plus provera razvojnog okruženja.
A10: Pristup | B10: Testovi su dizajnirani pre implementacije na osnovu zahteva (Given/When/Then). Primenjene tehnike: testiranje na osnovu zahteva, negativno testiranje, granične vrednosti, analiza nejasnoća u zahtevima.
A12: Sažetak test slučajeva
A13: Ukupno test slučajeva | B13: =COUNTA('Test slučajevi'!$A$2:$A$300) -> 33
A14: Blokiran (funkcija nije implementirana) | B14: =COUNTIF('Test slučajevi'!$L$2:$L$300,"Blokiran") -> 33
A15: Prošao | B15: =COUNTIF('Test slučajevi'!$L$2:$L$300,"Prošao") -> 0
A16: Pao | B16: =COUNTIF('Test slučajevi'!$L$2:$L$300,"Pao") -> 0
A17: Nije izvršen | B17: =COUNTIF('Test slučajevi'!$L$2:$L$300,"Nije izvršen") -> 0
A18: Prioritet P1 (kritičan) | B18: =COUNTIF('Test slučajevi'!$F$2:$F$300,"P1") -> 16
A19: Prioritet P2 (važan) | B19: =COUNTIF('Test slučajevi'!$F$2:$F$300,"P2") -> 9
A20: Prioritet P3 (manje važan) | B20: =COUNTIF('Test slučajevi'!$F$2:$F$300,"P3") -> 8
A21: Pozitivni / Negativni / Granični | B21: =COUNTIF('Test slučajevi'!$E$2:$E$300,"Pozitivan")&" / "&COUNTIF('Test slučajevi'!$E$2:$E$300,"Negativan")&" / "&COUNTIF('Test slučajevi'!$E$2:$E$300,"Granični") -> 17 / 10 / 6
A23: Nalazi
A24: Otvorena pitanja o zahtevima | B24: =COUNTA('Pitanja i nejasnoće'!$A$2:$A$100) -> 8
A25: Od toga visok rizik | B25: =COUNTIF('Pitanja i nejasnoće'!$E$2:$E$100,"Visok") -> 1
A26: Izvršene provere okruženja: prošle | B26: =COUNTIF('Izvršene provere'!$D$2:$D$100,"Prošao") -> 4
A27: Izvršene provere okruženja: pale | B27: =COUNTIF('Izvršene provere'!$D$2:$D$100,"Pao") -> 2
A29: Legenda
A30: Tip testa | B30: Pozitivan = očekivani tok. Negativan = neispravan unos ili zabranjena radnja. Granični = ivice vrednosti ili ponašanje koje PRD ne definiše.
A31: Prioritet | B31: P1 = osnovna funkcija ili pravilo poslovanja. P2 = važno. P3 = manje važno.
A32: Status | B32: Nije izvršen, Prošao, Pao, Blokiran. Blokiran znači da se test ne može izvršiti jer funkcija nije implementirana.
A33: Izvor očekivanja | B33: 'PRD FR-xx' znači da je očekivani rezultat direktno iz zahteva. 'Pretpostavka testera' znači da PRD to ne navodi i očekivanje treba potvrditi.
A34: * Planirani korak | B34: Korak build plana u kojem se funkcija očekuje. Određen je po nazivima koraka u §3 build plana i nije potvrđen, pa ga treba proveriti.
A35: Žuta ćelija | B35: Ćelija koju treba urediti (autor). Ostalo se računa formulama iz drugih listova.
A37: Sadržaj radne sveske
A38: Test slučajevi | B38: Detaljni test slučajevi sa koracima, očekivanim rezultatom i izvorom.
A39: Pitanja i nejasnoće | B39: Nedostaci i nejasnoće u zahtevima, sa rizikom i predlogom.
A40: Matrica pokrivenosti | B40: Povezanost zahteva i testova (traceability).
A41: Izvršene provere | B41: Šta je već pokrenuto i proverano: lint, typecheck, test, razvojni server.

Sheet Test slučajevi
A1: ID | B1: Zahtev | C1: Funkcionalnost | D1: Naslov testa | E1: Tip | F1: Prioritet | G1: Preduslov | H1: Koraci | I1: Očekivani rezultat | J1: Izvor očekivanja | K1: Planirani korak* | L1: Status | M1: Napomena
A2: TC-001 | B2: FR-01 | C2: Kreiranje profila ljubimca | D2: Kreiranje ljubimca sa svim obaveznim poljima (Free korisnik) | E2: Pozitivan | F2: P1 | G2: Prijavljen Pet Owner sa Free nalogom, bez aktivnog ljubimca. | H2: 1. Otvori formu za novog ljubimca. 2. Unesi ime: Rex. 3. Izaberi vrstu: dog. 4. Izaberi pol. 5. Klikni Sačuvaj. | I2: Profil je sačuvan i ljubimac se prikazuje kao aktivan. | J2: PRD FR-01, kriterijum 1 | K2: Step 13 | L2: Blokiran | M2: Funkcija nije implementirana u aplikaciji.
A3: TC-002 | B3: FR-01 | C3: Kreiranje profila ljubimca | D3: Kreiranje ljubimca sa svim poljima (obaveznim i opcionim) | E3: Pozitivan | F3: P2 | G3: Prijavljen Pet Owner sa Free nalogom, bez aktivnog ljubimca. | H3: 1. Otvori formu za novog ljubimca. 2. Popuni sva polja: ime, vrsta, rasa, pol, datum rođenja ili približna godina, boja/oznake, broj mikročipa, broj pasoša, steriliziran (yes/no/unknown), fotografija, 'moj veterinar' (ime i telefon), napomena. 3. Klikni Sačuvaj. 4. Otvori profil ljubimca. | I3: Sve unete vrednosti su sačuvane i tačno prikazane u profilu. | J3: PRD FR-01, lista polja | K3: Step 13 | L3: Blokiran | M3: Funkcija nije implementirana u aplikaciji.
A4: TC-003 | B4: FR-01 | C4: Kreiranje profila ljubimca | D4: Blokada kreiranja drugog ljubimca za Free korisnika | E4: Negativan | F4: P1 | G4: Prijavljen Pet Owner sa Free nalogom koji već ima jednog aktivnog ljubimca. | H4: 1. Otvori formu za novog ljubimca. 2. Popuni sva obavezna polja. 3. Klikni Sačuvaj. | I4: Kreiranje je blokirano, drugi ljubimac nije sačuvan, prikazana je Premium ponuda. | J4: PRD FR-01, kriterijum 2 | K4: Step 13, 23 | L4: Blokiran | M4: Funkcija nije implementirana u aplikaciji. Premium ponuda: Step 23.
A5: TC-004 | B5: FR-01 | C5: Kreiranje profila ljubimca | D5: Vrsta 'other' bez slobodnog teksta | E5: Negativan | F5: P1 | G5: Prijavljen Pet Owner sa Free nalogom, bez aktivnog ljubimca. | H5: 1. Otvori formu za novog ljubimca. 2. Unesi ime i pol. 3. Izaberi vrstu 'other'. 4. Ostavi polje za slobodan tekst vrste prazno. 5. Klikni Sačuvaj. | I5: Čuvanje je blokirano i prikazana je poruka. | J5: PRD FR-01, kriterijum 3 | K5: Step 13 | L5: Blokiran | M5: Funkcija nije implementirana u aplikaciji. Tačan tekst poruke nije definisan u PRD-u.
A6: TC-005 | B6: FR-01 | C6: Kreiranje profila ljubimca | D6: Vrsta 'other' sa unetim slobodnim tekstom | E6: Pozitivan | F6: P2 | G6: Prijavljen Pet Owner sa Free nalogom, bez aktivnog ljubimca. | H6: 1. Otvori formu za novog ljubimca. 2. Unesi ime i pol. 3. Izaberi vrstu 'other'. 4. U slobodan tekst unesi: Gekon. 5. Klikni Sačuvaj. | I6: Profil je sačuvan; vrsta se prikazuje kao uneti tekst. | J6: PRD FR-01, polje vrste | K6: Step 13 | L6: Blokiran | M6: Funkcija nije implementirana u aplikaciji. Način prikaza vrste nije precizno definisan.
A7: TC-006 | B7: FR-01 | C7: Kreiranje profila ljubimca | D7: Obavezno polje 'ime' prazno | E7: Negativan | F7: P1 | G7: Prijavljen Pet Owner sa Free nalogom, bez aktivnog ljubimca. | H7: 1. Otvori formu za novog ljubimca. 2. Ostavi ime prazno. 3. Izaberi vrstu i pol. 4. Klikni Sačuvaj. | I7: Čuvanje je blokirano; polje 'ime' je označeno kao obavezno. | J7: PRD FR-01, obavezna polja (*) | K7: Step 13 | L7: Blokiran | M7: Funkcija nije implementirana u aplikaciji. Pretpostavka: obavezna polja su ime, vrsta i pol (označena * u PRD-u).
A8: TC-007 | B8: FR-01 | C8: Kreiranje profila ljubimca | D8: Obavezno polje 'vrsta' nije izabrano | E8: Negativan | F8: P1 | G8: Prijavljen Pet Owner sa Free nalogom, bez aktivnog ljubimca. | H8: 1. Otvori formu za novog ljubimca. 2. Unesi ime i izaberi pol. 3. Ne biraj vrstu. 4. Klikni Sačuvaj. | I8: Čuvanje je blokirano; polje 'vrsta' je označeno kao obavezno. | J8: PRD FR-01, obavezna polja (*) | K8: Step 13 | L8: Blokiran | M8: Funkcija nije implementirana u aplikaciji.
A9: TC-008 | B9: FR-01 | C9: Kreiranje profila ljubimca | D9: Obavezno polje 'pol' nije izabrano | E9: Negativan | F9: P1 | G9: Prijavljen Pet Owner sa Free nalogom, bez aktivnog ljubimca. | H9: 1. Otvori formu za novog ljubimca. 2. Unesi ime i izaberi vrstu. 3. Ne biraj pol. 4. Klikni Sačuvaj. | I9: Čuvanje je blokirano; polje 'pol' je označeno kao obavezno. | J9: PRD FR-01, obavezna polja (*) | K9: Step 13 | L9: Blokiran | M9: Funkcija nije implementirana u aplikaciji.
A10: TC-009 | B10: FR-01 | C10: Kreiranje profila ljubimca | D10: Ponuđene vrste odgovaraju specifikaciji | E10: Pozitivan | F10: P3 | G10: Prijavljen Pet Owner sa Free nalogom, bez aktivnog ljubimca. | H10: 1. Otvori formu za novog ljubimca. 2. Otvori listu vrsta. 3. Uporedi sa specifikacijom. | I10: Lista sadrži tačno: dog, cat, rabbit, hamster, guinea pig, chinchilla, ferret, bird, fish, turtle, lizard, snake, other. | J10: PRD FR-01, lista vrsta | K10: Step 13 | L10: Blokiran | M10: Funkcija nije implementirana u aplikaciji.
A11: TC-010 | B11: FR-01 | C11: Kreiranje profila ljubimca | D11: Opcije za 'steriliziran' (yes / no / unknown) | E11: Pozitivan | F11: P3 | G11: Prijavljen Pet Owner sa Free nalogom, bez aktivnog ljubimca. | H11: 1. Otvori formu za novog ljubimca. 2. Proveri ponuđene opcije za polje spayed/neutered. 3. Izaberi svaku opciju posebno i sačuvaj profil. | I11: Dostupne su opcije yes, no i unknown; izabrana vrednost se čuva i prikazuje. | J11: PRD FR-01, lista polja | K11: Step 13 | L11: Blokiran | M11: Funkcija nije implementirana u aplikaciji.
A12: TC-011 | B12: FR-01 | C12: Kreiranje profila ljubimca | D12: Datum rođenja u budućnosti | E12: Granični | F12: P3 | G12: Prijavljen Pet Owner sa Free nalogom, bez aktivnog ljubimca. | H12: 1. Otvori formu za novog ljubimca. 2. Popuni obavezna polja. 3. Za datum rođenja unesi datum u budućnosti. 4. Klikni Sačuvaj. | I12: Nije definisano u PRD-u. Očekivano ponašanje treba potvrditi (vidi Q-03). Predlog: unos se odbija uz poruku. | J12: Pretpostavka testera | K12: Step 13 | L12: Blokiran | M12: Funkcija nije implementirana u aplikaciji. Vidi Q-03.
... A34: TC-033 | B34: FR-05 | C34: Beleženje vakcinacije | D34: Datum sledeće doze pre datuma davanja | E34: Granični | F34: P3 | G34: Prijavljen Pet Owner; postoji bar jedan aktivan ljubimac. | H34: 1. Unesi datum davanja 15.10. 2. Unesi datum sledeće doze 01.10. 3. Klikni Sačuvaj. | I34: Nije definisano u PRD-u. Vidi Q-08. Predlog: unos se odbija. | J34: Pretpostavka testera | K34: Step 14, 17–19 | L34: Blokiran | M34: Funkcija nije implementirana u aplikaciji. Vidi Q-08.

Sheet Pitanja i nejasnoće
A1: ID | B1: Zahtev | C1: Nejasnoća / nedostatak u PRD-u | D1: Zašto je važno (rizik) | E1: Rizik | F1: Predlog pojašnjenja | G1: Povezani testovi
A2: Q-01 | B2: FR-04 | C2: Zahtev kaže da se unosi prikazuju 'u redosledu datuma', ali ne navodi smer (od najstarijeg ili od najnovijeg). | D2: Dva razvojna tima mogu implementirati suprotno, a oba bi ispunila zahtev. Test ne može da ima jednoznačno očekivanje. | E2: Nizak | F2: Navesti smer sortiranja (npr. rastuće po datumu za prikaz trenda). | G2: TC-019
A3: Q-02 | B3: FR-03 | C3: Nije definisano šta se dešava sa već unetim težinama kada se promeni jedinica (kg u grame). | D3: Moguć gubitak ili pogrešna interpretacija podataka: vrednost 4 postaje 4 g umesto 4000 g. Podaci o zdravlju postaju netačni. | E3: Visok | F3: Definisati: konverzija postojećih unosa, ili zabrana promene dok postoje unosi, ili čuvanje jedinice uz svaki unos. | G3: TC-018
A4: Q-03 | B4: FR-01 | C4: Nema pravila validacije: datum rođenja u budućnosti, maksimalna dužina imena, format i jedinstvenost broja mikročipa i pasoša, format telefona veterinara. | D4: Bez pravila ne mogu se napisati granični testovi, a u bazu mogu ući neispravni podaci. | E4: Srednji | F4: Dodati tabelu validacija po polju (tip, obaveznost, min/max, format). | G4: TC-011, TC-012
A5: Q-04 | B5: FR-05 | C5: Kriterijum kaže da se povezani podsetnik 'ažurira ili uklanja' pri izmeni ili brisanju vakcinacije, ali ne navodi kada se šta dešava. | D5: Nejasno je da li izmena datuma ažurira podsetnik, a brisanje ga uklanja. Takođe: šta ako se pri izmeni obriše datum sledeće doze. | E5: Srednji | F5: Razdvojiti pravila: izmena datuma menja podsetnik, brisanje vakcinacije uklanja podsetnik, brisanje datuma sledeće doze uklanja podsetnik. | G5: TC-030, TC-031
A6: Q-05 | B6: FR-04 | C6: Nema pravila za vrednost težine: nula, negativna vrednost, decimale, najveća dozvoljena vrednost, odnos prema izabranoj jedinici. | D6: Neispravni unosi kvare grafikon trenda. Razlika između ptice (grami) i psa (kg) traži različite granice. | E6: Srednji | F6: Definisati dozvoljeni opseg i broj decimala po jedinici. | G6: TC-024
A7: Q-06 | B7: FR-01 | C7: Pravilo 'Free korisnik sa jednim aktivnim ljubimcem' ne definiše šta se računa kao aktivan (npr. ljubimac u memorijalnom stanju ili obrisan). | D7: Moguće zaobilaženje ograničenja ili nepravedno blokiranje Free korisnika. | E7: Srednji | F7: Navesti sva stanja ljubimca i koja se računaju u limit. | G7: TC-003
A8: Q-07 | B8: FR-01 | C8: Za polje 'moj veterinar' (ime i telefon) nije jasno da li su oba podatka obavezna zajedno i u kom formatu. | D8: Neispravni telefoni, nemogućnost pozivanja iz aplikacije. | E8: Nizak | F8: Definisati obaveznost i format (npr. međunarodni format). | G8: TC-002
A9: Q-08 | B9: FR-05 | C9: Nije definisano da li datum sledeće doze sme da bude pre datuma davanja. | D9: Nelogičan podsetnik u prošlosti, odmah dospeo. | E9: Nizak | F9: Dodati validaciju: sledeća doza mora biti posle datuma davanja. | G9: TC-033

Sheet Matrica pokrivenosti
A1: Zahtev | B1: Naziv zahteva | C1: Ukupno testova | D1: Pozitivni | E1: Negativni | F1: Granični | G1: Otvorena pitanja
A2: FR-01 | B2: Kreiranje profila ljubimca | C2: =COUNTIF('Test slučajevi'!$B$2:$B$300,A2) -> 12 | D2: =COUNTIFS('Test slučajevi'!$B$2:$B$300,A2,'Test slučajevi'!$E$2:$E$300,"Pozitivan") -> 5 | E2: =COUNTIFS('Test slučajevi'!$B$2:$B$300,A2,'Test slučajevi'!$E$2:$E$300,"Negativan") -> 5 | F2: =COUNTIFS('Test slučajevi'!$B$2:$B$300,A2,'Test slučajevi'!$E$2:$E$300,"Granični") -> 2 | G2: =COUNTIF('Pitanja i nejasnoće'!$B$2:$B$100,A2) -> 3
A3: FR-02 | B3: Izmena profila ljubimca | C3: =COUNTIF('Test slučajevi'!$B$2:$B$300,A3) -> 3 | D3: =COUNTIFS('Test slučajevi'!$B$2:$B$300,A3,'Test slučajevi'!$E$2:$E$300,"Pozitivan") -> 2 | E3: =COUNTIFS('Test slučajevi'!$B$2:$B$300,A3,'Test slučajevi'!$E$2:$E$300,"Negativan") -> 1 | F3: =COUNTIFS('Test slučajevi'!$B$2:$B$300,A3,'Test slučajevi'!$E$2:$E$300,"Granični") -> 0 | G3: =COUNTIF('Pitanja i nejasnoće'!$B$2:$B$100,A3) -> 0
A4: FR-03 | B4: Jedinica težine po ljubimcu | C4: =COUNTIF('Test slučajevi'!$B$2:$B$300,A4) -> 3 | D4: =COUNTIFS('Test slučajevi'!$B$2:$B$300,A4,'Test slučajevi'!$E$2:$E$300,"Pozitivan") -> 2 | E4: =COUNTIFS('Test slučajevi'!$B$2:$B$300,A4,'Test slučajevi'!$E$2:$E$300,"Negativan") -> 0 | F4: =COUNTIFS('Test slučajevi'!$B$2:$B$300,A4,'Test slučajevi'!$E$2:$E$300,"Granični") -> 1 | G4: =COUNTIF('Pitanja i nejasnoće'!$B$2:$B$100,A4) -> 1
A5: FR-04 | B5: Beleženje težine i istorija | C5: =COUNTIF('Test slučajevi'!$B$2:$B$300,A5) -> 7 | D5: =COUNTIFS('Test slučajevi'!$B$2:$B$300,A5,'Test slučajevi'!$E$2:$E$300,"Pozitivan") -> 3 | E5: =COUNTIFS('Test slučajevi'!$B$2:$B$300,A5,'Test slučajevi'!$E$2:$E$300,"Negativan") -> 2 | F5: =COUNTIFS('Test slučajevi'!$B$2:$B$300,A5,'Test slučajevi'!$E$2:$E$300,"Granični") -> 2 | G5: =COUNTIF('Pitanja i nejasnoće'!$B$2:$B$100,A5) -> 2
A6: FR-05 | B6: Beleženje vakcinacije | C6: =COUNTIF('Test slučajevi'!$B$2:$B$300,A6) -> 8 | D6: =COUNTIFS('Test slučajevi'!$B$2:$B$300,A6,'Test slučajevi'!$E$2:$E$300,"Pozitivan") -> 5 | E6: =COUNTIFS('Test slučajevi'!$B$2:$B$300,A6,'Test slučajevi'!$E$2:$E$300,"Negativan") -> 2 | F6: =COUNTIFS('Test slučajevi'!$B$2:$B$300,A6,'Test slučajevi'!$E$2:$E$300,"Granični") -> 1 | G6: =COUNTIF('Pitanja i nejasnoće'!$B$2:$B$100,A6) -> 2
A7: Ukupno | C7: =SUM(C2:C6) -> 33 | D7: =SUM(D2:D6) -> 17 | E7: =SUM(E2:E6) -> 10 | F7: =SUM(F2:F6) -> 6 | G7: =SUM(G2:G6) -> 8
A9: Napomena: pokriveni su zahtevi FR-01 do FR-05 iz PRD-a (ukupno 60 zahteva, FR-01 do FR-60). Ostali zahtevi nisu obrađeni u ovoj verziji.
A10: Brojevi se računaju formulama iz lista 'Test slučajevi' i 'Pitanja i nejasnoće'.

Sheet Izvršene provere
A1: ID | B1: Provera | C1: Komanda / akcija | D1: Rezultat | E1: Šta je uočeno | F1: Datum | G1: Zaključak i preporuka
A2: E-01 | B2: Statička analiza koda (lint) | C2: npm run lint (eslint .) | D2: Prošao | E2: Završeno bez ispisanih grešaka i upozorenja. | F2: 29.10.2026. | G2: Bez nalaza.
A3: E-02 | B3: Provera tipova (typecheck) | C3: npm run typecheck (tsc --noEmit) | D3: Prošao | E3: Završeno bez grešaka. | F3: 29.10.2026. | G3: Bez nalaza.
A4: E-03 | B4: Jedinični testovi | C4: npm test (vitest run, v5.0.5) | D4: Pao | E4: Poruka: 'No test files found, exiting with code 1'. Vitest traži fajlove po šablonu tests/**/*.test.{ts,tsx}, a takvih fajlova nema. | F4: 29.10.2026. | G4: Očekivano posle Step 01 (testovi se dodaju u narednim koracima). Ipak, prazan skup testova vraća exit code 1 i pokvario bi CI pipeline. Preporuka: dodati bar jedan smoke test ili opciju passWithNoTests.
A5: E-04 | B5: Upozorenje o konfiguraciji Vitest-a | C5: npm test | D5: Napomena | E5: Upozorenje: vitest.config.ts koristi ESM sintaksu, a učitava se kao CommonJS (package.json nema "type": "module"). | F5: 29.10.2026. | G5: Nizak prioritet, nije greška. Rešenje: preimenovati u vitest.config.mjs ili dodati "type": "module" u package.json (proveriti uticaj na ostale konfiguracione fajlove).
A6: E-05 | B6: Pokretanje razvojnog servera | C6: npm run dev (Next.js 16.4.2, Turbopack) | D6: Prošao | E6: Server je pokrenut: 'Ready in 616ms', adresa http://localhost:3000. | F6: 27.10.2026. | G6: Bez nalaza.
A7: E-06 | B7: Početna stranica pre dodavanja page.tsx | C7: GET / | D7: Pao | E7: Odgovor 404. U folderu app nema page.tsx; (public) sadrži samo .gitkeep. | F7: 27.10.2026. | G7: Očekivano: samo Step 01 je završen po build planu. Početne stranice nema dok se ne implementiraju koraci sa ekranima.
A8: E-07 | B8: Početna stranica nakon dodavanja probnog page.tsx | C8: Otvaranje http://localhost:3000 | D8: Prošao | E8: Stranica se učitava. Korišćen je probni page.tsx sa naslovom koji je dodao tester (nije deo projekta). | F8: 27–29.10.2026. | G8: Potvrđuje da je razvojno okruženje ispravno. Probni fajl ukloniti pre bilo kakvog commit-a.
A9: E-08 | B9: Stranica za prijavu | C9: GET /login | D9: Očekivano ponašanje | E9: Odgovor 404. | F9: 29.10.2026. | G9: Ne računa se kao bug. Autentifikacija je Step 11 i nije implementirana.
A10: E-09 | B10: Rad projekta u OneDrive folderu | C10: Posmatranje loga razvojnog servera | D10: Napomena | E10: Turbopack javlja: 'seen frequent file updates and is waiting for the filesystem to settle'. OneDrive sinhronizuje node_modules i .next. | F10: 27.10.2026. | G10: Rizik za stabilnost i brzinu. Preporuka: držati projekat van OneDrive-a (npr. C:\projekti).
